-- ============================================================
-- TEST SEED: 반 시험 현황 대시보드 테스트용
-- 학생 30명 전원 시험 완료 데이터
--
-- 사용법:
--   Supabase 대시보드 SQL Editor 또는 로컬 DB에서 실행
--   주의: auth.users INSERT는 로컬 Supabase 전용
-- ============================================================

-- ────────────────────────────────────────
-- 기존 테스트 데이터 정리 (재실행 시 충돌 방지)
-- ────────────────────────────────────────
DELETE FROM tutor_messages
  WHERE conversation_id IN (
    SELECT id FROM tutor_conversations WHERE course_id = '00000000-0000-0000-0100-000000000001'
  );
DELETE FROM tutor_conversations WHERE course_id = '00000000-0000-0000-0100-000000000001';
DELETE FROM concept_stats    WHERE course_id = '00000000-0000-0000-0100-000000000001';
DELETE FROM notifications    WHERE course_id = '00000000-0000-0000-0100-000000000001';
DELETE FROM exam_answers
  WHERE attempt_id IN (
    SELECT id FROM exam_attempts WHERE course_id = '00000000-0000-0000-0100-000000000001'
  );
DELETE FROM exam_attempts  WHERE course_id = '00000000-0000-0000-0100-000000000001';
DELETE FROM exam_questions WHERE exam_id   = '00000000-0000-0000-0200-000000000001';
DELETE FROM exams          WHERE course_id = '00000000-0000-0000-0100-000000000001';
DELETE FROM enrollments    WHERE course_id = '00000000-0000-0000-0100-000000000001';
DELETE FROM courses        WHERE id        = '00000000-0000-0000-0100-000000000001';
DELETE FROM profiles WHERE id IN (
  '00000000-0000-0000-0000-000000000001',
  '00000000-0000-0000-0001-000000000001','00000000-0000-0000-0001-000000000002',
  '00000000-0000-0000-0001-000000000003','00000000-0000-0000-0001-000000000004',
  '00000000-0000-0000-0001-000000000005','00000000-0000-0000-0001-000000000006',
  '00000000-0000-0000-0001-000000000007','00000000-0000-0000-0001-000000000008',
  '00000000-0000-0000-0001-000000000009','00000000-0000-0000-0001-000000000010',
  '00000000-0000-0000-0001-000000000011','00000000-0000-0000-0001-000000000012',
  '00000000-0000-0000-0001-000000000013','00000000-0000-0000-0001-000000000014',
  '00000000-0000-0000-0001-000000000015','00000000-0000-0000-0001-000000000016',
  '00000000-0000-0000-0001-000000000017','00000000-0000-0000-0001-000000000018',
  '00000000-0000-0000-0001-000000000019','00000000-0000-0000-0001-000000000020',
  '00000000-0000-0000-0001-000000000021','00000000-0000-0000-0001-000000000022',
  '00000000-0000-0000-0001-000000000023','00000000-0000-0000-0001-000000000024',
  '00000000-0000-0000-0001-000000000025','00000000-0000-0000-0001-000000000026',
  '00000000-0000-0000-0001-000000000027','00000000-0000-0000-0001-000000000028',
  '00000000-0000-0000-0001-000000000029','00000000-0000-0000-0001-000000000030'
);
DELETE FROM auth.users WHERE id IN (
  '00000000-0000-0000-0000-000000000001',
  '00000000-0000-0000-0001-000000000001','00000000-0000-0000-0001-000000000002',
  '00000000-0000-0000-0001-000000000003','00000000-0000-0000-0001-000000000004',
  '00000000-0000-0000-0001-000000000005','00000000-0000-0000-0001-000000000006',
  '00000000-0000-0000-0001-000000000007','00000000-0000-0000-0001-000000000008',
  '00000000-0000-0000-0001-000000000009','00000000-0000-0000-0001-000000000010',
  '00000000-0000-0000-0001-000000000011','00000000-0000-0000-0001-000000000012',
  '00000000-0000-0000-0001-000000000013','00000000-0000-0000-0001-000000000014',
  '00000000-0000-0000-0001-000000000015','00000000-0000-0000-0001-000000000016',
  '00000000-0000-0000-0001-000000000017','00000000-0000-0000-0001-000000000018',
  '00000000-0000-0000-0001-000000000019','00000000-0000-0000-0001-000000000020',
  '00000000-0000-0000-0001-000000000021','00000000-0000-0000-0001-000000000022',
  '00000000-0000-0000-0001-000000000023','00000000-0000-0000-0001-000000000024',
  '00000000-0000-0000-0001-000000000025','00000000-0000-0000-0001-000000000026',
  '00000000-0000-0000-0001-000000000027','00000000-0000-0000-0001-000000000028',
  '00000000-0000-0000-0001-000000000029','00000000-0000-0000-0001-000000000030'
);

-- ────────────────────────────────────────
-- [1] Auth Users (로컬 Supabase 전용)
-- ────────────────────────────────────────

-- 교사
INSERT INTO auth.users (id, instance_id, aud, role, email, encrypted_password,
  email_confirmed_at, created_at, updated_at, raw_app_meta_data, raw_user_meta_data,
  is_super_admin, confirmation_token, recovery_token, email_change_token_new, email_change)
VALUES (
  '00000000-0000-0000-0000-000000000001',
  '00000000-0000-0000-0000-000000000000',
  'authenticated', 'authenticated',
  'teacher01@socrateach.test',
  crypt('testpass123', gen_salt('bf')),
  NOW(), NOW(), NOW(),
  '{"provider":"email","providers":["email"]}', '{"role":"teacher"}',
  FALSE, '', '', '', ''
);

-- 학생 30명
INSERT INTO auth.users (id, instance_id, aud, role, email, encrypted_password,
  email_confirmed_at, created_at, updated_at, raw_app_meta_data, raw_user_meta_data,
  is_super_admin, confirmation_token, recovery_token, email_change_token_new, email_change)
VALUES
  ('00000000-0000-0000-0001-000000000001','00000000-0000-0000-0000-000000000000','authenticated','authenticated','s01@socrateach.test',crypt('testpass123',gen_salt('bf')),NOW(),NOW(),NOW(),'{"provider":"email","providers":["email"]}','{"role":"student"}',FALSE,'','','',''),
  ('00000000-0000-0000-0001-000000000002','00000000-0000-0000-0000-000000000000','authenticated','authenticated','s02@socrateach.test',crypt('testpass123',gen_salt('bf')),NOW(),NOW(),NOW(),'{"provider":"email","providers":["email"]}','{"role":"student"}',FALSE,'','','',''),
  ('00000000-0000-0000-0001-000000000003','00000000-0000-0000-0000-000000000000','authenticated','authenticated','s03@socrateach.test',crypt('testpass123',gen_salt('bf')),NOW(),NOW(),NOW(),'{"provider":"email","providers":["email"]}','{"role":"student"}',FALSE,'','','',''),
  ('00000000-0000-0000-0001-000000000004','00000000-0000-0000-0000-000000000000','authenticated','authenticated','s04@socrateach.test',crypt('testpass123',gen_salt('bf')),NOW(),NOW(),NOW(),'{"provider":"email","providers":["email"]}','{"role":"student"}',FALSE,'','','',''),
  ('00000000-0000-0000-0001-000000000005','00000000-0000-0000-0000-000000000000','authenticated','authenticated','s05@socrateach.test',crypt('testpass123',gen_salt('bf')),NOW(),NOW(),NOW(),'{"provider":"email","providers":["email"]}','{"role":"student"}',FALSE,'','','',''),
  ('00000000-0000-0000-0001-000000000006','00000000-0000-0000-0000-000000000000','authenticated','authenticated','s06@socrateach.test',crypt('testpass123',gen_salt('bf')),NOW(),NOW(),NOW(),'{"provider":"email","providers":["email"]}','{"role":"student"}',FALSE,'','','',''),
  ('00000000-0000-0000-0001-000000000007','00000000-0000-0000-0000-000000000000','authenticated','authenticated','s07@socrateach.test',crypt('testpass123',gen_salt('bf')),NOW(),NOW(),NOW(),'{"provider":"email","providers":["email"]}','{"role":"student"}',FALSE,'','','',''),
  ('00000000-0000-0000-0001-000000000008','00000000-0000-0000-0000-000000000000','authenticated','authenticated','s08@socrateach.test',crypt('testpass123',gen_salt('bf')),NOW(),NOW(),NOW(),'{"provider":"email","providers":["email"]}','{"role":"student"}',FALSE,'','','',''),
  ('00000000-0000-0000-0001-000000000009','00000000-0000-0000-0000-000000000000','authenticated','authenticated','s09@socrateach.test',crypt('testpass123',gen_salt('bf')),NOW(),NOW(),NOW(),'{"provider":"email","providers":["email"]}','{"role":"student"}',FALSE,'','','',''),
  ('00000000-0000-0000-0001-000000000010','00000000-0000-0000-0000-000000000000','authenticated','authenticated','s10@socrateach.test',crypt('testpass123',gen_salt('bf')),NOW(),NOW(),NOW(),'{"provider":"email","providers":["email"]}','{"role":"student"}',FALSE,'','','',''),
  ('00000000-0000-0000-0001-000000000011','00000000-0000-0000-0000-000000000000','authenticated','authenticated','s11@socrateach.test',crypt('testpass123',gen_salt('bf')),NOW(),NOW(),NOW(),'{"provider":"email","providers":["email"]}','{"role":"student"}',FALSE,'','','',''),
  ('00000000-0000-0000-0001-000000000012','00000000-0000-0000-0000-000000000000','authenticated','authenticated','s12@socrateach.test',crypt('testpass123',gen_salt('bf')),NOW(),NOW(),NOW(),'{"provider":"email","providers":["email"]}','{"role":"student"}',FALSE,'','','',''),
  ('00000000-0000-0000-0001-000000000013','00000000-0000-0000-0000-000000000000','authenticated','authenticated','s13@socrateach.test',crypt('testpass123',gen_salt('bf')),NOW(),NOW(),NOW(),'{"provider":"email","providers":["email"]}','{"role":"student"}',FALSE,'','','',''),
  ('00000000-0000-0000-0001-000000000014','00000000-0000-0000-0000-000000000000','authenticated','authenticated','s14@socrateach.test',crypt('testpass123',gen_salt('bf')),NOW(),NOW(),NOW(),'{"provider":"email","providers":["email"]}','{"role":"student"}',FALSE,'','','',''),
  ('00000000-0000-0000-0001-000000000015','00000000-0000-0000-0000-000000000000','authenticated','authenticated','s15@socrateach.test',crypt('testpass123',gen_salt('bf')),NOW(),NOW(),NOW(),'{"provider":"email","providers":["email"]}','{"role":"student"}',FALSE,'','','',''),
  ('00000000-0000-0000-0001-000000000016','00000000-0000-0000-0000-000000000000','authenticated','authenticated','s16@socrateach.test',crypt('testpass123',gen_salt('bf')),NOW(),NOW(),NOW(),'{"provider":"email","providers":["email"]}','{"role":"student"}',FALSE,'','','',''),
  ('00000000-0000-0000-0001-000000000017','00000000-0000-0000-0000-000000000000','authenticated','authenticated','s17@socrateach.test',crypt('testpass123',gen_salt('bf')),NOW(),NOW(),NOW(),'{"provider":"email","providers":["email"]}','{"role":"student"}',FALSE,'','','',''),
  ('00000000-0000-0000-0001-000000000018','00000000-0000-0000-0000-000000000000','authenticated','authenticated','s18@socrateach.test',crypt('testpass123',gen_salt('bf')),NOW(),NOW(),NOW(),'{"provider":"email","providers":["email"]}','{"role":"student"}',FALSE,'','','',''),
  ('00000000-0000-0000-0001-000000000019','00000000-0000-0000-0000-000000000000','authenticated','authenticated','s19@socrateach.test',crypt('testpass123',gen_salt('bf')),NOW(),NOW(),NOW(),'{"provider":"email","providers":["email"]}','{"role":"student"}',FALSE,'','','',''),
  ('00000000-0000-0000-0001-000000000020','00000000-0000-0000-0000-000000000000','authenticated','authenticated','s20@socrateach.test',crypt('testpass123',gen_salt('bf')),NOW(),NOW(),NOW(),'{"provider":"email","providers":["email"]}','{"role":"student"}',FALSE,'','','',''),
  ('00000000-0000-0000-0001-000000000021','00000000-0000-0000-0000-000000000000','authenticated','authenticated','s21@socrateach.test',crypt('testpass123',gen_salt('bf')),NOW(),NOW(),NOW(),'{"provider":"email","providers":["email"]}','{"role":"student"}',FALSE,'','','',''),
  ('00000000-0000-0000-0001-000000000022','00000000-0000-0000-0000-000000000000','authenticated','authenticated','s22@socrateach.test',crypt('testpass123',gen_salt('bf')),NOW(),NOW(),NOW(),'{"provider":"email","providers":["email"]}','{"role":"student"}',FALSE,'','','',''),
  ('00000000-0000-0000-0001-000000000023','00000000-0000-0000-0000-000000000000','authenticated','authenticated','s23@socrateach.test',crypt('testpass123',gen_salt('bf')),NOW(),NOW(),NOW(),'{"provider":"email","providers":["email"]}','{"role":"student"}',FALSE,'','','',''),
  ('00000000-0000-0000-0001-000000000024','00000000-0000-0000-0000-000000000000','authenticated','authenticated','s24@socrateach.test',crypt('testpass123',gen_salt('bf')),NOW(),NOW(),NOW(),'{"provider":"email","providers":["email"]}','{"role":"student"}',FALSE,'','','',''),
  ('00000000-0000-0000-0001-000000000025','00000000-0000-0000-0000-000000000000','authenticated','authenticated','s25@socrateach.test',crypt('testpass123',gen_salt('bf')),NOW(),NOW(),NOW(),'{"provider":"email","providers":["email"]}','{"role":"student"}',FALSE,'','','',''),
  ('00000000-0000-0000-0001-000000000026','00000000-0000-0000-0000-000000000000','authenticated','authenticated','s26@socrateach.test',crypt('testpass123',gen_salt('bf')),NOW(),NOW(),NOW(),'{"provider":"email","providers":["email"]}','{"role":"student"}',FALSE,'','','',''),
  ('00000000-0000-0000-0001-000000000027','00000000-0000-0000-0000-000000000000','authenticated','authenticated','s27@socrateach.test',crypt('testpass123',gen_salt('bf')),NOW(),NOW(),NOW(),'{"provider":"email","providers":["email"]}','{"role":"student"}',FALSE,'','','',''),
  ('00000000-0000-0000-0001-000000000028','00000000-0000-0000-0000-000000000000','authenticated','authenticated','s28@socrateach.test',crypt('testpass123',gen_salt('bf')),NOW(),NOW(),NOW(),'{"provider":"email","providers":["email"]}','{"role":"student"}',FALSE,'','','',''),
  ('00000000-0000-0000-0001-000000000029','00000000-0000-0000-0000-000000000000','authenticated','authenticated','s29@socrateach.test',crypt('testpass123',gen_salt('bf')),NOW(),NOW(),NOW(),'{"provider":"email","providers":["email"]}','{"role":"student"}',FALSE,'','','',''),
  ('00000000-0000-0000-0001-000000000030','00000000-0000-0000-0000-000000000000','authenticated','authenticated','s30@socrateach.test',crypt('testpass123',gen_salt('bf')),NOW(),NOW(),NOW(),'{"provider":"email","providers":["email"]}','{"role":"student"}',FALSE,'','','','');

-- ────────────────────────────────────────
-- [2] Profiles
-- ────────────────────────────────────────

INSERT INTO profiles (id, email, full_name, role) VALUES
  ('00000000-0000-0000-0000-000000000001', 'teacher01@socrateach.test', '김선생', 'teacher');

INSERT INTO profiles (id, email, full_name, role) VALUES
  ('00000000-0000-0000-0001-000000000001', 's01@socrateach.test', '김지수', 'student'),
  ('00000000-0000-0000-0001-000000000002', 's02@socrateach.test', '이민준', 'student'),
  ('00000000-0000-0000-0001-000000000003', 's03@socrateach.test', '박서연', 'student'),
  ('00000000-0000-0000-0001-000000000004', 's04@socrateach.test', '최현우', 'student'),
  ('00000000-0000-0000-0001-000000000005', 's05@socrateach.test', '정수아', 'student'),
  ('00000000-0000-0000-0001-000000000006', 's06@socrateach.test', '강민재', 'student'),
  ('00000000-0000-0000-0001-000000000007', 's07@socrateach.test', '조예진', 'student'),
  ('00000000-0000-0000-0001-000000000008', 's08@socrateach.test', '윤도현', 'student'),
  ('00000000-0000-0000-0001-000000000009', 's09@socrateach.test', '장하은', 'student'),
  ('00000000-0000-0000-0001-000000000010', 's10@socrateach.test', '임준혁', 'student'),
  ('00000000-0000-0000-0001-000000000011', 's11@socrateach.test', '오소희', 'student'),
  ('00000000-0000-0000-0001-000000000012', 's12@socrateach.test', '한지민', 'student'),
  ('00000000-0000-0000-0001-000000000013', 's13@socrateach.test', '서태양', 'student'),
  ('00000000-0000-0000-0001-000000000014', 's14@socrateach.test', '권나연', 'student'),
  ('00000000-0000-0000-0001-000000000015', 's15@socrateach.test', '유승현', 'student'),
  ('00000000-0000-0000-0001-000000000016', 's16@socrateach.test', '신채원', 'student'),
  ('00000000-0000-0000-0001-000000000017', 's17@socrateach.test', '배준영', 'student'),
  ('00000000-0000-0000-0001-000000000018', 's18@socrateach.test', '전지우', 'student'),
  ('00000000-0000-0000-0001-000000000019', 's19@socrateach.test', '고예슬', 'student'),
  ('00000000-0000-0000-0001-000000000020', 's20@socrateach.test', '문서준', 'student'),
  ('00000000-0000-0000-0001-000000000021', 's21@socrateach.test', '남하늘', 'student'),
  ('00000000-0000-0000-0001-000000000022', 's22@socrateach.test', '양소현', 'student'),
  ('00000000-0000-0000-0001-000000000023', 's23@socrateach.test', '방민호', 'student'),
  ('00000000-0000-0000-0001-000000000024', 's24@socrateach.test', '성지현', 'student'),
  ('00000000-0000-0000-0001-000000000025', 's25@socrateach.test', '홍태훈', 'student'),
  ('00000000-0000-0000-0001-000000000026', 's26@socrateach.test', '변예원', 'student'),
  ('00000000-0000-0000-0001-000000000027', 's27@socrateach.test', '노승민', 'student'),
  ('00000000-0000-0000-0001-000000000028', 's28@socrateach.test', '황지안', 'student'),
  ('00000000-0000-0000-0001-000000000029', 's29@socrateach.test', '구민서', 'student'),
  ('00000000-0000-0000-0001-000000000030', 's30@socrateach.test', '엄태경', 'student');

-- ────────────────────────────────────────
-- [3] Course
-- ────────────────────────────────────────

INSERT INTO courses (id, teacher_id, title, description) VALUES (
  '00000000-0000-0000-0100-000000000001',
  '00000000-0000-0000-0000-000000000001',
  '중학교 2학년 수학 (2반)',
  '2026학년도 1학기 중학교 2학년 수학 수업입니다.'
);

-- ────────────────────────────────────────
-- [4] Enrollments (30명 전원)
-- ────────────────────────────────────────

INSERT INTO enrollments (course_id, student_id) VALUES
  ('00000000-0000-0000-0100-000000000001', '00000000-0000-0000-0001-000000000001'),
  ('00000000-0000-0000-0100-000000000001', '00000000-0000-0000-0001-000000000002'),
  ('00000000-0000-0000-0100-000000000001', '00000000-0000-0000-0001-000000000003'),
  ('00000000-0000-0000-0100-000000000001', '00000000-0000-0000-0001-000000000004'),
  ('00000000-0000-0000-0100-000000000001', '00000000-0000-0000-0001-000000000005'),
  ('00000000-0000-0000-0100-000000000001', '00000000-0000-0000-0001-000000000006'),
  ('00000000-0000-0000-0100-000000000001', '00000000-0000-0000-0001-000000000007'),
  ('00000000-0000-0000-0100-000000000001', '00000000-0000-0000-0001-000000000008'),
  ('00000000-0000-0000-0100-000000000001', '00000000-0000-0000-0001-000000000009'),
  ('00000000-0000-0000-0100-000000000001', '00000000-0000-0000-0001-000000000010'),
  ('00000000-0000-0000-0100-000000000001', '00000000-0000-0000-0001-000000000011'),
  ('00000000-0000-0000-0100-000000000001', '00000000-0000-0000-0001-000000000012'),
  ('00000000-0000-0000-0100-000000000001', '00000000-0000-0000-0001-000000000013'),
  ('00000000-0000-0000-0100-000000000001', '00000000-0000-0000-0001-000000000014'),
  ('00000000-0000-0000-0100-000000000001', '00000000-0000-0000-0001-000000000015'),
  ('00000000-0000-0000-0100-000000000001', '00000000-0000-0000-0001-000000000016'),
  ('00000000-0000-0000-0100-000000000001', '00000000-0000-0000-0001-000000000017'),
  ('00000000-0000-0000-0100-000000000001', '00000000-0000-0000-0001-000000000018'),
  ('00000000-0000-0000-0100-000000000001', '00000000-0000-0000-0001-000000000019'),
  ('00000000-0000-0000-0100-000000000001', '00000000-0000-0000-0001-000000000020'),
  ('00000000-0000-0000-0100-000000000001', '00000000-0000-0000-0001-000000000021'),
  ('00000000-0000-0000-0100-000000000001', '00000000-0000-0000-0001-000000000022'),
  ('00000000-0000-0000-0100-000000000001', '00000000-0000-0000-0001-000000000023'),
  ('00000000-0000-0000-0100-000000000001', '00000000-0000-0000-0001-000000000024'),
  ('00000000-0000-0000-0100-000000000001', '00000000-0000-0000-0001-000000000025'),
  ('00000000-0000-0000-0100-000000000001', '00000000-0000-0000-0001-000000000026'),
  ('00000000-0000-0000-0100-000000000001', '00000000-0000-0000-0001-000000000027'),
  ('00000000-0000-0000-0100-000000000001', '00000000-0000-0000-0001-000000000028'),
  ('00000000-0000-0000-0100-000000000001', '00000000-0000-0000-0001-000000000029'),
  ('00000000-0000-0000-0100-000000000001', '00000000-0000-0000-0001-000000000030');

-- ────────────────────────────────────────
-- [5] Exam (published, 마감일 지남 → 전원 제출 상태)
-- ────────────────────────────────────────

INSERT INTO exams (
  id, course_id, title, description, exam_date,
  duration_minutes, total_points,
  source_format, workflow_status, assignment_type,
  due_at, published_at, created_by
) VALUES (
  '00000000-0000-0000-0200-000000000001',
  '00000000-0000-0000-0100-000000000001',
  '1학기 중간고사 – 일차함수와 연립방정식',
  '일차함수, 연립방정식, 도형, 비례식 단원 종합 평가',
  '2026-04-03 09:00:00+09',
  40, 100,
  'manual', 'published', 'exam',
  '2026-04-03 10:00:00+09',
  '2026-04-01 12:00:00+09',
  '00000000-0000-0000-0000-000000000001'
);

-- ────────────────────────────────────────
-- [6] Exam Questions (10문항)
-- 개념: 일차함수(Q1-Q4), 연립방정식(Q5-Q6), 도형(Q7-Q8), 비례식(Q9-Q10)
-- correct_choice: A/B/C/D 중 하나
-- ────────────────────────────────────────

INSERT INTO exam_questions (
  id, exam_id, question_order, concept_tag, prompt, choices, correct_choice, explanation, difficulty, points
) VALUES
  (
    '00000000-0000-0000-0300-000000000001',
    '00000000-0000-0000-0200-000000000001',
    1, '일차함수',
    '다음 중 일차함수인 것은?',
    '[{"label":"A","text":"y = 2x + 3"},{"label":"B","text":"y = x² + 1"},{"label":"C","text":"y = 1/x"},{"label":"D","text":"xy = 4"}]',
    'A',
    'y = 2x + 3은 x의 최고차항이 1차이므로 일차함수입니다.',
    'easy', 10
  ),
  (
    '00000000-0000-0000-0300-000000000002',
    '00000000-0000-0000-0200-000000000001',
    2, '일차함수',
    '일차함수 y = -3x + 2의 기울기는?',
    '[{"label":"A","text":"2"},{"label":"B","text":"-2"},{"label":"C","text":"-3"},{"label":"D","text":"3"}]',
    'C',
    'y = ax + b에서 기울기는 x의 계수 a입니다. 따라서 기울기는 -3입니다.',
    'medium', 10
  ),
  (
    '00000000-0000-0000-0300-000000000003',
    '00000000-0000-0000-0200-000000000001',
    3, '일차함수',
    '일차함수 y = 4x - 5의 y절편은?',
    '[{"label":"A","text":"4"},{"label":"B","text":"-5"},{"label":"C","text":"5"},{"label":"D","text":"-4"}]',
    'B',
    'y절편은 x = 0일 때의 y값입니다. y = 4(0) - 5 = -5',
    'easy', 10
  ),
  (
    '00000000-0000-0000-0300-000000000004',
    '00000000-0000-0000-0200-000000000001',
    4, '일차함수',
    '기울기가 2이고 점 (1, 3)을 지나는 일차함수의 식은?',
    '[{"label":"A","text":"y = 2x + 1"},{"label":"B","text":"y = 2x + 3"},{"label":"C","text":"y = 2x - 1"},{"label":"D","text":"y = 2x - 3"}]',
    'A',
    'y = 2x + b에 점 (1, 3) 대입: 3 = 2(1) + b → b = 1. 따라서 y = 2x + 1',
    'medium', 10
  ),
  (
    '00000000-0000-0000-0300-000000000005',
    '00000000-0000-0000-0200-000000000001',
    5, '연립방정식',
    '연립방정식 2x + y = 5, x - y = 1의 해는?',
    '[{"label":"A","text":"x=1, y=3"},{"label":"B","text":"x=2, y=1"},{"label":"C","text":"x=3, y=-1"},{"label":"D","text":"x=1, y=2"}]',
    'B',
    '두 식을 더하면 3x = 6 → x = 2. x를 첫 식에 대입: 4 + y = 5 → y = 1',
    'hard', 10
  ),
  (
    '00000000-0000-0000-0300-000000000006',
    '00000000-0000-0000-0200-000000000001',
    6, '연립방정식',
    '두 수의 합이 10이고 차가 4일 때, 큰 수는?',
    '[{"label":"A","text":"5"},{"label":"B","text":"6"},{"label":"C","text":"7"},{"label":"D","text":"8"}]',
    'C',
    'x+y=10, x-y=4 → 2x=14 → x=7 (큰 수), y=3 (작은 수)',
    'hard', 10
  ),
  (
    '00000000-0000-0000-0300-000000000007',
    '00000000-0000-0000-0200-000000000001',
    7, '도형',
    '밑변이 6cm, 높이가 4cm인 삼각형의 넓이는?',
    '[{"label":"A","text":"24cm²"},{"label":"B","text":"10cm²"},{"label":"C","text":"20cm²"},{"label":"D","text":"12cm²"}]',
    'D',
    '삼각형 넓이 = 밑변 × 높이 ÷ 2 = 6 × 4 ÷ 2 = 12cm²',
    'medium', 10
  ),
  (
    '00000000-0000-0000-0300-000000000008',
    '00000000-0000-0000-0200-000000000001',
    8, '도형',
    '직각삼각형에서 두 직각변이 3cm, 4cm일 때 빗변의 길이는?',
    '[{"label":"A","text":"5cm"},{"label":"B","text":"6cm"},{"label":"C","text":"7cm"},{"label":"D","text":"4.5cm"}]',
    'A',
    '피타고라스 정리: c² = 3² + 4² = 9 + 16 = 25 → c = 5cm',
    'medium', 10
  ),
  (
    '00000000-0000-0000-0300-000000000009',
    '00000000-0000-0000-0200-000000000001',
    9, '비례식',
    '비례식 3:4 = x:12에서 x의 값은?',
    '[{"label":"A","text":"4"},{"label":"B","text":"8"},{"label":"C","text":"9"},{"label":"D","text":"16"}]',
    'C',
    '외항의 곱 = 내항의 곱: 3 × 12 = 4 × x → 36 = 4x → x = 9',
    'easy', 10
  ),
  (
    '00000000-0000-0000-0300-000000000010',
    '00000000-0000-0000-0200-000000000001',
    10, '비례식',
    '어떤 수와 3의 비가 4:1일 때, 그 수는?',
    '[{"label":"A","text":"3"},{"label":"B","text":"12"},{"label":"C","text":"6"},{"label":"D","text":"9"}]',
    'B',
    'x:3 = 4:1 → x = 3 × 4 = 12',
    'medium', 10
  );

-- ────────────────────────────────────────
-- [7] Exam Attempts + Answers
--
-- 학생별 정답 패턴 (Q1~Q10, 1=정답, 0=오답)
-- 오답 선택지는 항상 'B' (또는 정답이 B면 'C')
--
-- 개념별 예상 정답률:
--   일차함수 Q1(easy): ~87%  Q2(medium): ~77%  Q3(easy): ~80%  Q4(medium): ~60%
--   연립방정식 Q5(hard): ~43%  Q6(hard): ~37%
--   도형 Q7(medium): ~73%  Q8(medium): ~57%
--   비례식 Q9(easy): ~90%  Q10(medium): ~77%
--
-- 반 평균 예상: 약 66점
-- ────────────────────────────────────────

DO $$
DECLARE
  v_course  UUID := '00000000-0000-0000-0100-000000000001';
  v_exam    UUID := '00000000-0000-0000-0200-000000000001';

  -- 정답 목록 (문항 순서대로)
  v_correct_choices TEXT[] := ARRAY['A','C','B','A','B','C','D','A','C','B'];

  -- 개념 목록 (문항 순서대로)
  v_concepts TEXT[] := ARRAY[
    '일차함수','일차함수','일차함수','일차함수',
    '연립방정식','연립방정식',
    '도형','도형',
    '비례식','비례식'
  ];

  -- 난이도 (문항 순서대로)
  v_difficulties TEXT[] := ARRAY['easy','medium','easy','medium','hard','hard','medium','medium','easy','medium'];

  -- 학생 UUID 목록
  v_student_ids UUID[] := ARRAY[
    '00000000-0000-0000-0001-000000000001'::UUID,
    '00000000-0000-0000-0001-000000000002'::UUID,
    '00000000-0000-0000-0001-000000000003'::UUID,
    '00000000-0000-0000-0001-000000000004'::UUID,
    '00000000-0000-0000-0001-000000000005'::UUID,
    '00000000-0000-0000-0001-000000000006'::UUID,
    '00000000-0000-0000-0001-000000000007'::UUID,
    '00000000-0000-0000-0001-000000000008'::UUID,
    '00000000-0000-0000-0001-000000000009'::UUID,
    '00000000-0000-0000-0001-000000000010'::UUID,
    '00000000-0000-0000-0001-000000000011'::UUID,
    '00000000-0000-0000-0001-000000000012'::UUID,
    '00000000-0000-0000-0001-000000000013'::UUID,
    '00000000-0000-0000-0001-000000000014'::UUID,
    '00000000-0000-0000-0001-000000000015'::UUID,
    '00000000-0000-0000-0001-000000000016'::UUID,
    '00000000-0000-0000-0001-000000000017'::UUID,
    '00000000-0000-0000-0001-000000000018'::UUID,
    '00000000-0000-0000-0001-000000000019'::UUID,
    '00000000-0000-0000-0001-000000000020'::UUID,
    '00000000-0000-0000-0001-000000000021'::UUID,
    '00000000-0000-0000-0001-000000000022'::UUID,
    '00000000-0000-0000-0001-000000000023'::UUID,
    '00000000-0000-0000-0001-000000000024'::UUID,
    '00000000-0000-0000-0001-000000000025'::UUID,
    '00000000-0000-0000-0001-000000000026'::UUID,
    '00000000-0000-0000-0001-000000000027'::UUID,
    '00000000-0000-0000-0001-000000000028'::UUID,
    '00000000-0000-0000-0001-000000000029'::UUID,
    '00000000-0000-0000-0001-000000000030'::UUID
  ];

  -- 학생별 정답 패턴 (각 문자열 = Q1~Q10, '1'=정답, '0'=오답)
  -- 이름 / 패턴 / 점수
  -- 01 김지수  1111001111  80
  -- 02 이민준  1110001111  70  (wait: 1+1+1+0+0+0+1+1+1+1 = 7 → 70)
  -- 03 박서연  1111100111  80
  -- 04 최현우  1101000111  60 (wait: 1+1+0+1+0+0+0+1+1+1 = 6 → 60... let me recalc for each)
  -- Let me define carefully:
  -- Q: 1234567890
  v_patterns TEXT[] := ARRAY[
    '1111001111', -- 01 김지수:   Q1✓Q2✓Q3✓Q4✓Q5✗Q6✗Q7✓Q8✓Q9✓Q10✓ = 8 → 80점
    '1110001111', -- 02 이민준:   Q1✓Q2✓Q3✓Q4✗Q5✗Q6✗Q7✓Q8✓Q9✓Q10✓ = 7 → 70점
    '1111100111', -- 03 박서연:   Q1✓Q2✓Q3✓Q4✓Q5✓Q6✗Q7✗Q8✓Q9✓Q10✓ = 8 → 80점  (wait Q5 correct for this one)
    '1100001111', -- 04 최현우:   Q1✓Q2✓Q3✗Q4✗Q5✗Q6✗Q7✓Q8✓Q9✓Q10✓ = 6 → 60점
    '1100001011', -- 05 정수아:   Q1✓Q2✓Q3✗Q4✗Q5✗Q6✗Q7✓Q8✗Q9✓Q10✓ = 5 → 50점
    '1111011111', -- 06 강민재:   Q1✓Q2✓Q3✓Q4✓Q5✗Q6✓Q7✓Q8✓Q9✓Q10✓ = 9 → 90점
    '1101001111', -- 07 조예진:   Q1✓Q2✓Q3✗Q4✓Q5✗Q6✗Q7✓Q8✓Q9✓Q10✓ = 7 → 70점
    '1111001111', -- 08 윤도현:   Q1✓Q2✓Q3✓Q4✓Q5✗Q6✗Q7✓Q8✓Q9✓Q10✓ = 8 → 80점
    '1110010111', -- 09 장하은:   Q1✓Q2✓Q3✓Q4✗Q5✗Q6✓Q7✗Q8✓Q9✓Q10✓ = 7 → 70점  (wait: 1+1+1+0+0+1+0+1+1+1=7)
    '1000000011', -- 10 임준혁:   Q1✓Q2✗Q3✗Q4✗Q5✗Q6✗Q7✗Q8✗Q9✓Q10✓ = 3 → 30점
    '1111001110', -- 11 오소희:   Q1✓Q2✓Q3✓Q4✓Q5✗Q6✗Q7✓Q8✓Q9✓Q10✗ = 7 → 70점
    '1110001111', -- 12 한지민:   Q1✓Q2✓Q3✓Q4✗Q5✗Q6✗Q7✓Q8✓Q9✓Q10✓ = 7 → 70점
    '0100001011', -- 13 서태양:   Q1✗Q2✓Q3✗Q4✗Q5✗Q6✗Q7✓Q8✗Q9✓Q10✓ = 4 → 40점
    '1111011111', -- 14 권나연:   Q1✓Q2✓Q3✓Q4✓Q5✗Q6✓Q7✓Q8✓Q9✓Q10✓ = 9 → 90점
    '1100001111', -- 15 유승현:   Q1✓Q2✓Q3✗Q4✗Q5✗Q6✗Q7✓Q8✓Q9✓Q10✓ = 6 → 60점
    '1110001111', -- 16 신채원:   Q1✓Q2✓Q3✓Q4✗Q5✗Q6✗Q7✓Q8✓Q9✓Q10✓ = 7 → 70점
    '1000000001', -- 17 배준영:   Q1✓Q2✗Q3✗Q4✗Q5✗Q6✗Q7✗Q8✗Q9✗Q10✓ = 2 → 20점
    '1111001111', -- 18 전지우:   Q1✓Q2✓Q3✓Q4✓Q5✗Q6✗Q7✓Q8✓Q9✓Q10✓ = 8 → 80점
    '1110001011', -- 19 고예슬:   Q1✓Q2✓Q3✓Q4✗Q5✗Q6✗Q7✓Q8✗Q9✓Q10✓ = 6 → 60점  (wait: 1+1+1+0+0+0+1+0+1+1=6)
    '1100001111', -- 20 문서준:   Q1✓Q2✓Q3✗Q4✗Q5✗Q6✗Q7✓Q8✓Q9✓Q10✓ = 6 → 60점
    '1111011111', -- 21 남하늘:   Q1✓Q2✓Q3✓Q4✓Q5✗Q6✓Q7✓Q8✓Q9✓Q10✓ = 9 → 90점
    '0100001011', -- 22 양소현:   Q1✗Q2✓Q3✗Q4✗Q5✗Q6✗Q7✓Q8✗Q9✓Q10✓ = 4 → 40점
    '1110001111', -- 23 방민호:   Q1✓Q2✓Q3✓Q4✗Q5✗Q6✗Q7✓Q8✓Q9✓Q10✓ = 7 → 70점
    '1111001111', -- 24 성지현:   Q1✓Q2✓Q3✓Q4✓Q5✗Q6✗Q7✓Q8✓Q9✓Q10✓ = 8 → 80점
    '1100001011', -- 25 홍태훈:   Q1✓Q2✓Q3✗Q4✗Q5✗Q6✗Q7✓Q8✗Q9✓Q10✓ = 5 → 50점
    '1101001111', -- 26 변예원:   Q1✓Q2✓Q3✗Q4✓Q5✗Q6✗Q7✓Q8✓Q9✓Q10✓ = 7 → 70점
    '0000000011', -- 27 노승민:   Q1✗Q2✗Q3✗Q4✗Q5✗Q6✗Q7✗Q8✗Q9✓Q10✓ = 2 → 20점
    '1111001111', -- 28 황지안:   Q1✓Q2✓Q3✓Q4✓Q5✗Q6✗Q7✓Q8✓Q9✓Q10✓ = 8 → 80점
    '1100000111', -- 29 구민서:   Q1✓Q2✓Q3✗Q4✗Q5✗Q6✗Q7✗Q8✓Q9✓Q10✓ = 5 → 50점
    '1110001111'  -- 30 엄태경:   Q1✓Q2✓Q3✓Q4✗Q5✗Q6✗Q7✓Q8✓Q9✓Q10✓ = 7 → 70점
  ];

  v_question_ids UUID[] := ARRAY[
    '00000000-0000-0000-0300-000000000001'::UUID,
    '00000000-0000-0000-0300-000000000002'::UUID,
    '00000000-0000-0000-0300-000000000003'::UUID,
    '00000000-0000-0000-0300-000000000004'::UUID,
    '00000000-0000-0000-0300-000000000005'::UUID,
    '00000000-0000-0000-0300-000000000006'::UUID,
    '00000000-0000-0000-0300-000000000007'::UUID,
    '00000000-0000-0000-0300-000000000008'::UUID,
    '00000000-0000-0000-0300-000000000009'::UUID,
    '00000000-0000-0000-0300-000000000010'::UUID
  ];

  v_attempt_id UUID;
  v_student_id UUID;
  v_pattern    TEXT;
  v_is_correct BOOLEAN;
  v_choice     TEXT;
  v_wrong_choice TEXT;
  v_correct_count INT;
  v_submit_time TIMESTAMPTZ;
  i INT;
  q INT;
BEGIN
  FOR i IN 1..30 LOOP
    v_student_id := v_student_ids[i];
    v_pattern    := v_patterns[i];

    -- 정답 개수 계산
    v_correct_count := 0;
    FOR q IN 1..10 LOOP
      IF SUBSTRING(v_pattern, q, 1) = '1' THEN
        v_correct_count := v_correct_count + 1;
      END IF;
    END LOOP;

    -- 제출 시간 (시험 시작 후 20~38분 사이)
    v_submit_time := '2026-04-03 09:00:00+09'::TIMESTAMPTZ
                     + (20 + (i * 7 % 18)) * INTERVAL '1 minute';

    -- exam_attempt 생성
    v_attempt_id := gen_random_uuid();

    INSERT INTO exam_attempts (
      id, exam_id, course_id, student_id,
      attempt_number, score, max_score,
      duration_minutes, status, submitted_at
    ) VALUES (
      v_attempt_id,
      v_exam, v_course, v_student_id,
      1,
      v_correct_count * 10,
      100,
      20 + (i * 7 % 18),
      'graded',
      v_submit_time
    );

    -- exam_answers 생성 (10문항)
    FOR q IN 1..10 LOOP
      v_is_correct := SUBSTRING(v_pattern, q, 1) = '1';

      IF v_is_correct THEN
        v_choice := v_correct_choices[q];
      ELSE
        -- 오답: 정답이 'B'면 'C', 정답이 'D'면 'C', 나머지는 'B'
        IF v_correct_choices[q] = 'B' THEN
          v_wrong_choice := 'C';
        ELSIF v_correct_choices[q] = 'D' THEN
          v_wrong_choice := 'C';
        ELSE
          v_wrong_choice := 'B';
        END IF;
        v_choice := v_wrong_choice;
      END IF;

      INSERT INTO exam_answers (
        attempt_id, question_id, concept_tag, selected_choice, is_correct
      ) VALUES (
        v_attempt_id,
        v_question_ids[q],
        v_concepts[q],
        v_choice,
        v_is_correct
      );
    END LOOP;

  END LOOP;
END $$;

-- ────────────────────────────────────────
-- [8] Concept Stats (학생별 개념 이해도)
-- 시험 오답 기반 + 추가 튜터 세션 데이터 반영
-- ────────────────────────────────────────

DO $$
DECLARE
  v_course UUID := '00000000-0000-0000-0100-000000000001';
  v_exam   UUID := '00000000-0000-0000-0200-000000000001';

  v_student_ids UUID[] := ARRAY[
    '00000000-0000-0000-0001-000000000001'::UUID,'00000000-0000-0000-0001-000000000002'::UUID,
    '00000000-0000-0000-0001-000000000003'::UUID,'00000000-0000-0000-0001-000000000004'::UUID,
    '00000000-0000-0000-0001-000000000005'::UUID,'00000000-0000-0000-0001-000000000006'::UUID,
    '00000000-0000-0000-0001-000000000007'::UUID,'00000000-0000-0000-0001-000000000008'::UUID,
    '00000000-0000-0000-0001-000000000009'::UUID,'00000000-0000-0000-0001-000000000010'::UUID,
    '00000000-0000-0000-0001-000000000011'::UUID,'00000000-0000-0000-0001-000000000012'::UUID,
    '00000000-0000-0000-0001-000000000013'::UUID,'00000000-0000-0000-0001-000000000014'::UUID,
    '00000000-0000-0000-0001-000000000015'::UUID,'00000000-0000-0000-0001-000000000016'::UUID,
    '00000000-0000-0000-0001-000000000017'::UUID,'00000000-0000-0000-0001-000000000018'::UUID,
    '00000000-0000-0000-0001-000000000019'::UUID,'00000000-0000-0000-0001-000000000020'::UUID,
    '00000000-0000-0000-0001-000000000021'::UUID,'00000000-0000-0000-0001-000000000022'::UUID,
    '00000000-0000-0000-0001-000000000023'::UUID,'00000000-0000-0000-0001-000000000024'::UUID,
    '00000000-0000-0000-0001-000000000025'::UUID,'00000000-0000-0000-0001-000000000026'::UUID,
    '00000000-0000-0000-0001-000000000027'::UUID,'00000000-0000-0000-0001-000000000028'::UUID,
    '00000000-0000-0000-0001-000000000029'::UUID,'00000000-0000-0000-0001-000000000030'::UUID
  ];

  -- 개념별 학생 stuck/resolved 데이터
  -- (student_idx, concept, stuck, resolved)
  -- 연립방정식이 가장 어렵고, 비례식이 가장 쉬움
  type_row RECORD;
  i INT;
BEGIN
  -- 모든 학생에 대해 개념별 stats 삽입
  -- 일차함수: 대부분 이해, 일부 어려움
  -- 연립방정식: 많은 학생이 어려움
  -- 도형: 중간
  -- 비례식: 대부분 이해

  FOR i IN 1..30 LOOP
    -- 일차함수: 성적 좋은 학생은 resolved 많고, 성적 나쁜 학생은 stuck 많음
    INSERT INTO concept_stats (course_id, student_id, concept, stuck_count, resolved_count)
    VALUES (
      v_course, v_student_ids[i], '일차함수',
      CASE WHEN i IN (10,13,17,22,27) THEN 5
           WHEN i IN (4,5,9,19,25,29) THEN 3
           ELSE 1 END,
      CASE WHEN i IN (6,14,21,3,8,18,28) THEN 4
           WHEN i IN (10,13,17,27) THEN 0
           ELSE 2 END
    );

    -- 연립방정식: 대부분 어려움
    INSERT INTO concept_stats (course_id, student_id, concept, stuck_count, resolved_count)
    VALUES (
      v_course, v_student_ids[i], '연립방정식',
      CASE WHEN i IN (10,13,17,22,27) THEN 7
           WHEN i IN (4,5,7,9,11,12,16,19,20,23,24,25,26,29,30) THEN 4
           WHEN i IN (6,14,21) THEN 2
           ELSE 3 END,
      CASE WHEN i IN (6,14,21) THEN 3
           WHEN i IN (1,2,3,8,18,24,28) THEN 1
           WHEN i IN (10,13,17,27) THEN 0
           ELSE 1 END
    );

    -- 도형: 중간 난이도
    INSERT INTO concept_stats (course_id, student_id, concept, stuck_count, resolved_count)
    VALUES (
      v_course, v_student_ids[i], '도형',
      CASE WHEN i IN (10,13,17,22,27,29) THEN 4
           WHEN i IN (4,5,9,19,25) THEN 2
           ELSE 1 END,
      CASE WHEN i IN (6,14,21,3,8,18,28,24) THEN 3
           WHEN i IN (10,13,17,27) THEN 0
           ELSE 2 END
    );

    -- 비례식: 쉬움, 대부분 이해
    INSERT INTO concept_stats (course_id, student_id, concept, stuck_count, resolved_count)
    VALUES (
      v_course, v_student_ids[i], '비례식',
      CASE WHEN i IN (10,17,27) THEN 3
           WHEN i IN (13,22) THEN 2
           ELSE 0 END,
      CASE WHEN i IN (6,14,21,1,3,8,18,24,28) THEN 4
           WHEN i IN (10,17,27) THEN 1
           ELSE 3 END
    );
  END LOOP;
END $$;

-- ────────────────────────────────────────
-- [9] Tutor Conversations + Messages
-- 대시보드 "대표 질의응답 근거" 섹션용
-- ────────────────────────────────────────

-- 연립방정식 관련 대화들 (가장 어려운 개념)
INSERT INTO tutor_conversations (
  id, student_id, course_id, concept_tag, school_level,
  summary, stuck_count, resolved, source_type, source_reference_id,
  started_at, ended_at
) VALUES
  (
    'cc000000-0000-0000-0000-000000000001',
    '00000000-0000-0000-0001-000000000010', -- 임준혁
    '00000000-0000-0000-0100-000000000001',
    '연립방정식', '중학교 2학년',
    '연립방정식 풀이 순서를 몰라 계속 막혔으나 대입법 개념을 단계별로 이해함',
    3, TRUE,
    'exam_review',
    '00000000-0000-0000-0200-000000000001',
    '2026-04-03 10:05:00+09', '2026-04-03 10:22:00+09'
  ),
  (
    'cc000000-0000-0000-0000-000000000002',
    '00000000-0000-0000-0001-000000000005', -- 정수아
    '00000000-0000-0000-0100-000000000001',
    '연립방정식', '중학교 2학년',
    '두 미지수를 동시에 구하는 것이 어려워 "한 식을 한 변수로 정리" 힌트로 돌파함',
    2, TRUE,
    'exam_review',
    '00000000-0000-0000-0200-000000000001',
    '2026-04-03 10:08:00+09', '2026-04-03 10:20:00+09'
  ),
  (
    'cc000000-0000-0000-0000-000000000003',
    '00000000-0000-0000-0001-000000000027', -- 노승민
    '00000000-0000-0000-0100-000000000001',
    '연립방정식', '중학교 2학년',
    '연립방정식 전체 개념이 모호하여 튜터가 수직선 위에 그림으로 설명하며 감 잡음',
    5, FALSE,
    'tutor_session',
    NULL,
    '2026-04-04 14:00:00+09', '2026-04-04 14:30:00+09'
  ),
  -- 일차함수 관련 대화
  (
    'cc000000-0000-0000-0000-000000000004',
    '00000000-0000-0000-0001-000000000004', -- 최현우
    '00000000-0000-0000-0100-000000000001',
    '일차함수', '중학교 2학년',
    '기울기와 절편의 관계를 헷갈려 했으나 그래프 직접 그려보며 이해',
    2, TRUE,
    'tutor_session',
    NULL,
    '2026-04-02 16:00:00+09', '2026-04-02 16:15:00+09'
  ),
  (
    'cc000000-0000-0000-0000-000000000005',
    '00000000-0000-0000-0001-000000000013', -- 서태양
    '00000000-0000-0000-0100-000000000001',
    '일차함수', '중학교 2학년',
    '점을 대입해 식을 구하는 방법을 모르다가 단계별 풀이로 이해',
    3, TRUE,
    'exam_review',
    '00000000-0000-0000-0200-000000000001',
    '2026-04-03 10:30:00+09', '2026-04-03 10:45:00+09'
  );

-- Tutor Messages
INSERT INTO tutor_messages (conversation_id, role, content, message_order) VALUES
  -- 임준혁 연립방정식
  ('cc000000-0000-0000-0000-000000000001', 'user',      '2x + y = 5랑 x - y = 1을 어떻게 풀어요?', 1),
  ('cc000000-0000-0000-0000-000000000001', 'assistant', '좋은 질문이에요! 먼저 두 식을 더하면 어떻게 될까요? 각 항끼리 더해보세요.', 2),
  ('cc000000-0000-0000-0000-000000000001', 'user',      '더하면... 3x = 6이 되나요?', 3),
  ('cc000000-0000-0000-0000-000000000001', 'assistant', '맞아요! 그럼 x는 얼마인가요? 그 값을 원래 식 중 하나에 대입해봐요.', 4),

  -- 정수아 연립방정식
  ('cc000000-0000-0000-0000-000000000002', 'user',      '두 수의 합이 10이고 차가 4라고 하는데 어떻게 식을 세우는지 모르겠어요', 1),
  ('cc000000-0000-0000-0000-000000000002', 'assistant', '두 수를 x, y라고 할게요. "합이 10"은 어떤 식으로 쓸 수 있을까요?', 2),
  ('cc000000-0000-0000-0000-000000000002', 'user',      'x + y = 10이요?', 3),
  ('cc000000-0000-0000-0000-000000000002', 'assistant', '완벽해요! "차가 4"는요? x가 더 크다고 가정하면 어떻게 쓸까요?', 4),

  -- 노승민 연립방정식 (미해결)
  ('cc000000-0000-0000-0000-000000000003', 'user',      '연립방정식이 뭔지 모르겠어요. 그냥 방정식이랑 뭐가 달라요?', 1),
  ('cc000000-0000-0000-0000-000000000003', 'assistant', '방정식 하나는 미지수가 하나예요. 연립방정식은 미지수가 두 개인 식이 두 개 있어요. 같이 풀면 두 미지수를 모두 구할 수 있어요. x + y = 5라는 식에서 x와 y가 될 수 있는 쌍이 몇 가지인지 생각해볼까요?', 2),
  ('cc000000-0000-0000-0000-000000000003', 'user',      '엄청 많잖아요... 어떻게 하나만 구해요?', 3),
  ('cc000000-0000-0000-0000-000000000003', 'assistant', '맞아요! 조건이 하나 더 있으면 범위가 좁혀지죠. 예를 들어 x - y = 1이라는 조건도 함께 만족해야 한다면, 두 식을 동시에 만족하는 x, y는 딱 하나예요. 두 식을 더해보면 어떻게 될까요?', 4),

  -- 최현우 일차함수
  ('cc000000-0000-0000-0000-000000000004', 'user',      'y = 2x + 1에서 기울기가 2라는 게 무슨 뜻이에요?', 1),
  ('cc000000-0000-0000-0000-000000000004', 'assistant', 'x가 1 증가할 때 y가 얼마나 증가하는지를 나타내요. x를 1에서 2로 바꾸면 y는 어떻게 변하나요?', 2),
  ('cc000000-0000-0000-0000-000000000004', 'user',      'y = 2×2+1 = 5, 원래는 3이었으니까 2 증가하네요!', 3),
  ('cc000000-0000-0000-0000-000000000004', 'assistant', '완벽히 이해했어요! 기울기 2는 x가 1 늘면 y가 2 늘어난다는 뜻이에요. 그래프에서는 얼마나 가파른지 나타내죠.', 4),

  -- 서태양 일차함수
  ('cc000000-0000-0000-0000-000000000005', 'user',      '기울기 2이고 점 (1,3) 지나는 식을 어떻게 구해요?', 1),
  ('cc000000-0000-0000-0000-000000000005', 'assistant', 'y = 2x + b 형태로 시작해봐요. 점 (1,3)을 이 식에 넣으면 어떻게 되나요?', 2),
  ('cc000000-0000-0000-0000-000000000005', 'user',      '3 = 2×1 + b니까 b = 1이에요?', 3),
  ('cc000000-0000-0000-0000-000000000005', 'assistant', '완벽해요! y = 2x + 1이 답이에요. 이 방법으로 다른 점이 주어져도 항상 풀 수 있어요.', 4);

-- ────────────────────────────────────────
-- 최종 검증 쿼리 (주석 해제 후 확인 가능)
-- ────────────────────────────────────────
/*
SELECT '학생 수' AS label, COUNT(*) AS cnt FROM profiles WHERE role = 'student'
  AND id LIKE '00000000-0000-0000-0001-%'
UNION ALL
SELECT '등록 수', COUNT(*) FROM enrollments WHERE course_id = '00000000-0000-0000-0100-000000000001'
UNION ALL
SELECT '응시 수', COUNT(*) FROM exam_attempts WHERE course_id = '00000000-0000-0000-0100-000000000001'
UNION ALL
SELECT '답안 수', COUNT(*) FROM exam_answers ea
  JOIN exam_attempts att ON att.id = ea.attempt_id
  WHERE att.course_id = '00000000-0000-0000-0100-000000000001'
UNION ALL
SELECT '평균 점수', ROUND(AVG(score)) FROM exam_attempts WHERE course_id = '00000000-0000-0000-0100-000000000001'
UNION ALL
SELECT '컨셉 통계', COUNT(*) FROM concept_stats WHERE course_id = '00000000-0000-0000-0100-000000000001'
UNION ALL
SELECT '튜터 대화', COUNT(*) FROM tutor_conversations WHERE course_id = '00000000-0000-0000-0100-000000000001';
*/
